Reward,MaxAssignments,AssignmentDurationInSeconds,AutoApprovalDelayInSeconds,NumberOfSimilarHITs,LifetimeInSeconds,AssignmentId,WorkerId,AssignmentStatus,RejectionTime,RequesterFeedback,WorkTimeInSeconds,LifetimeApprovalRate,Last30DaysApprovalRate,Last7DaysApprovalRate,Input.gui_index,Answer.summary,Approve,Reject
$0.05,1,600,1209600,,,34Q075JO1XD51NS43SRF80STEPL10C,A8BH4CXKWP6PW,Approved,,,46,100% (21/21),100% (21/21),0% (0/0),5573,Image for eyes test,,
$0.05,1,600,1209600,,,34YB12FSQYOZ8GPEAGZGDK3CJH5GM2,A3HN5JOPRIKMNU,Approved,,,56,100% (26/26),100% (26/26),0% (0/0),53479,ecommerce portal homescreen with search bar and frequently used option.,,
$0.05,1,600,1209600,,,3G2UL9A02DEEQKTLUXO5IBTXUE767F,A3NDKVYPTBWPEO,Approved,,,35,100% (21/21),100% (21/21),0% (0/0),9370,"search bar with links ,articles and personal option",,
$0.05,1,600,1209600,,,37TD41K0AH9PPZMESRZJZ2H3DEVCS0,A26BOJ0O91EIBR,Approved,,,133,100% (21/21),100% (21/21),0% (0/0),6928,Price comparison application showing discounts and chash back,,
$0.05,1,600,1209600,,,3FDJT1UU74862V0R8839UAKJ43W5K4,A3NDKVYPTBWPEO,Approved,,,50,100% (21/21),100% (21/21),0% (0/0),18969,search bar with notification besides region.,,
$0.05,1,600,1209600,,,30MVJZJNHMDUSYWLTDGE5BP8BAFJ9A,A3HN5JOPRIKMNU,Approved,,,50,100% (26/26),100% (26/26),0% (0/0),37856,screen with select single answer,,
$0.05,1,600,1209600,,,3NVC2EB65QZY8L24Y4G7OL1AOMDY31,ABREXWFU9D3WR,Approved,,,34,100% (15/15),100% (15/15),0% (0/0),6253,a screen with detailed info about settings,,
$0.05,1,600,1209600,,,3K772S5NP8BFWOSCDOTFLCA4PFREHA,A3AFAUMZ4AULZF,Approved,,,17,100% (27/27),100% (27/27),0% (0/0),12165,hamburger menu,,
$0.05,1,600,1209600,,,3R5F3LQFV2KNZ05VDO2IQV8NP7DZOO,A23IXWZNWDLTNT,Approved,,,16,100% (37/37),100% (37/37),0% (0/0),5167,top world news,,
$0.05,1,600,1209600,,,3RXCAC0YIRPKNRNAGFPX822HZCG8G6,AFWYEWB3W0ZSB,Approved,,,103,100% (21/21),100% (21/21),0% (0/0),57802,"Record list with edit button and notification,calender and picture",,
$0.05,1,600,1209600,,,37FMASSAYCRHLGRC9F9AKG5YMVTBI0,A3KECU88OW1KNB,Approved,,,42,100% (21/21),100% (21/21),0% (0/0),9648,lack of information,,
$0.05,1,600,1209600,,,3NPI0JQDAO59YO8XMWQFT7CWEGNTPJ,A1P9OU1YPIQVW7,Approved,,,103,100% (7/7),100% (7/7),0% (0/0),62945,Slide bar with all information,,
$0.05,1,600,1209600,,,33FOTY3KEMLPVFNKF8KZ31UUNEI1C5,A3TTSFVAJHM947,Approved,,,203,100% (14/14),100% (14/14),0% (0/0),34202,Hushed-Login this app......you enter a new world of foods,,
$0.05,1,600,1209600,,,36U2A8VAG1Z44JABJA8657ICZ8ZYKC,AE2M19TCQJWI,Approved,,,50,100% (30/30),100% (30/30),0% (0/0),28670,"Video Viewer, Saver and downloader",,
$0.05,1,600,1209600,,,3GD6L00D3SX241ZBSXED6XZ6HSM1MN,A1WH1CTOZHV7YR,Approved,,,45,100% (21/21),100% (21/21),0% (0/0),39020,welcome information with setup wizard,,
$0.05,1,600,1209600,,,3QXNC7EIPIVNQSVZ7568N6ACC1909K,A1JBSNWSI7VKQO,Approved,,,43,100% (20/20),100% (20/20),0% (0/0),18226,Different Settings in in an social media app,,
$0.05,1,600,1209600,,,3YMTUJH0DSGN9VMEOCYRQ911NKRT4S,A2TXLKAOJJ9BEK,Approved,,,22,100% (30/30),100% (30/30),0% (0/0),61599,It display the Map with search bar,,
$0.05,1,600,1209600,,,3WS1NTTKEYCWR2MCAR60X2WNFZ4F0R,AV5170KNIBKL6,Approved,,,87,100% (21/21),100% (21/21),0% (0/0),44938,contact list with surnames and other options,,
$0.05,1,600,1209600,,,3TMFV4NEP8EGKDDAVKTFU5O5T068W5,A3CR6XU8373Z2N,Approved,,,16,100% (17/17),100% (17/17),0% (0/0),35918,alarm,,
$0.05,1,600,1209600,,,3FPRZHYEPY7H4R7ZTTTNHMXG65C3VY,A3G2CWQ5OV8AHE,Approved,,,95,100% (19/19),100% (19/19),0% (0/0),27615,results for people search with detail and grid button and two pictures of results,,
$0.05,1,600,1209600,,,3UXUOQ9OKEXFDM5OKA5HYGVJQXXA79,AV5170KNIBKL6,Approved,,,17,100% (21/21),100% (21/21),0% (0/0),69388,my profile in Azar application,,
$0.05,1,600,1209600,,,3H8DHMCCW9B168FKNELSSM8BHKUDKK,A3IP4RARMM3X4A,Approved,,,105,100% (17/17),100% (17/17),0% (0/0),27900,Register with personal details to get information from the economist magazine,,
$0.05,1,600,1209600,,,39LOEL67OS5JTFBML0IDP8D8V7B38T,A34Z73OAWYW014,Approved,,,29,100% (31/31),100% (31/31),0% (0/0),12631,Account option to start with,,
$0.05,1,600,1209600,,,3IAS3U3I0FGDAVDAKCOIX0YHXZWB2P,A3HN5JOPRIKMNU,Approved,,,36,100% (26/26),100% (26/26),0% (0/0),41131,location selection screen with distance and time information,,
$0.05,1,600,1209600,,,39OWYR0EPKRTOXIXIZH9PUQ7RCIYFA,A2NA5304C0C5FQ,Approved,,,94,100% (13/13),100% (13/13),0% (0/0),21297,Confirmation dialogue box for switching application with option to proceed and go back,,
$0.05,1,600,1209600,,,3TXD01ZLD4H29813OHO1V5N36YZ4UV,A3G2CWQ5OV8AHE,Approved,,,58,100% (19/19),100% (19/19),0% (0/0),24037,catalog view with eight cars,,
$0.05,1,600,1209600,,,3NQL1CS15R8IKU4NIEMD7GTTF66YVY,A12EE9K9VY7XXF,Approved,,,18,100% (28/28),100% (28/28),0% (0/0),64519,List of chapers with name and status,,
$0.05,1,600,1209600,,,3Q5C1WP23M14WUE50YXRPVOKVXW15X,A3KECU88OW1KNB,Approved,,,27,100% (21/21),100% (21/21),0% (0/0),59415,can't see properly,,
$0.05,1,600,1209600,,,3I0BTBYZAXL2RT37FHYOMN33LAU0Y9,A2NA5304C0C5FQ,Approved,,,98,100% (13/13),100% (13/13),0% (0/0),2768,Weather details for city with option in Celsius and Fahrenheit,,
$0.05,1,600,1209600,,,33FBRBDW6OZ76F75ETTEIBH21KO8CW,AE2M19TCQJWI,Approved,,,19,100% (30/30),100% (30/30),0% (0/0),16552,Text Format Editor,,
$0.05,1,600,1209600,,,3SB5N7Y3O34252I7LBCIFNWZGE40GB,A1CLIAQI9N8YOJ,Approved,,,101,100% (22/22),100% (22/22),0% (0/0),52075,Meal Recipe app with schedule meal,,
$0.05,1,600,1209600,,,3L4D84MILZSN74E4RP46ISNWUNNJH0,A3AFAUMZ4AULZF,Approved,,,67,100% (27/27),100% (27/27),0% (0/0),18204,Time selection for start and end,,
$0.05,1,600,1209600,,,3YDTZAI2WXGM0BA5MTEHK3I6V1141V,A1R6ELRI4GR9XF,Approved,,,55,100% (25/25),100% (25/25),0% (0/0),71798,search bar with current location,,
$0.05,1,600,1209600,,,3OVHNO1VE61WV3E6NFO2F1WOLT6ZDR,A1WH1CTOZHV7YR,Approved,,,49,100% (21/21),100% (21/21),0% (0/0),13352,information description with login button,,
$0.05,1,600,1209600,,,3IOEN3P9S7J0FYEJ5H7WH12KRS716D,A32ATJF7ZENBWH,Approved,,,61,100% (16/16),100% (16/16),0% (0/0),59524,"""login with Email or Phone and Facebook Password with the option of adding different languages """,,
$0.05,1,600,1209600,,,3PW9OPU9PQKCXXVIIFVTROL8BN512W,A27GOFWHEHV758,Approved,,,52,100% (22/22),100% (22/22),0% (0/0),47628,most viewed report of the week,,
$0.05,1,600,1209600,,,3DPNQGW4LLFH7XB2SZQYFZ9N3CH46T,A1QOJGSZEZXSE1,Approved,,,76,100% (21/21),100% (21/21),0% (0/0),23204,"Nav bar with product categories, health topics, deals, my account, wish list, information, language currency, notification, cache settings and sign out",,
$0.05,1,600,1209600,,,3QRYMNZ7FYH9V3WK6HDNPI71E1MTNN,ASL3NA8PT15JU,Approved,,,29,100% (20/20),100% (20/20),0% (0/0),68828,show gallery,,
$0.05,1,600,1209600,,,3AMYWKA6YBMLBQLKBJ57TXFSK3H6O5,A34Z73OAWYW014,Approved,,,20,100% (31/31),100% (31/31),0% (0/0),40356,English dictionary with menu,,
$0.05,1,600,1209600,,,3UNH76FOCS5ZU7AE4MLMKKAGODUYMH,A34Z73OAWYW014,Approved,,,25,100% (31/31),100% (31/31),0% (0/0),47965,Contact details with description,,
$0.05,1,600,1209600,,,3PJUZCGDJ6G58H0229JNGLGUVZL98G,A12EE9K9VY7XXF,Approved,,,29,100% (28/28),100% (28/28),0% (0/0),13354,Contact us with phone numbers,,
$0.05,1,600,1209600,,,3AQF3RZ558IR5D8RCGMH636ES2Q6FJ,A3HN5JOPRIKMNU,Approved,,,65,100% (26/26),100% (26/26),0% (0/0),51363,Setting screen for application,,
$0.05,1,600,1209600,,,3NOKK93PR183CE1ANNL909DRXZZEEU,A26BOJ0O91EIBR,Approved,,,101,100% (21/21),100% (21/21),0% (0/0),4373,daily prayer with reminder,,
$0.05,1,600,1209600,,,3IXQG4FA2TYOAFY95L3X7N6V356B9H,A1R6ELRI4GR9XF,Approved,,,59,100% (25/25),100% (25/25),0% (0/0),42425,food photo with ingredients,,
$0.05,1,600,1209600,,,3H7XDTSHKCRVDSJSEI53MI53HJJGWT,A373WQWN0DADNL,Approved,,,72,100% (21/21),100% (21/21),0% (0/0),40862,"good: search option, bad: no more details about product",,
$0.05,1,600,1209600,,,3BEFOD78W6TJW0WUFFXF4V69TCW4M3,A1R6ELRI4GR9XF,Approved,,,27,100% (25/25),100% (25/25),0% (0/0),24749,google map with search bar,,
$0.05,1,600,1209600,,,3TOK3KHVJTI4FQZPUTAZZBFOFE0O7L,A34Z73OAWYW014,Approved,,,17,100% (31/31),100% (31/31),0% (0/0),16357,Translation with results,,
$0.05,1,600,1209600,,,37TRT2X24QRDGRBIRXUAWHKYZAIBJC,A1CLIAQI9N8YOJ,Approved,,,65,100% (22/22),100% (22/22),0% (0/0),9800,Fashion dressing ideas with image overview,,
$0.05,1,600,1209600,,,39PAAFCODM0M385T88ZEZZ1E04OTV4,A1FV1XP2UU0EVH,Approved,,,32,100% (40/40),100% (40/40),0% (0/0),19063,pop up menu,,
$0.05,1,600,1209600,,,39L1G8WVWQR1IFR1MF9YAYQ0H15319,A34Z73OAWYW014,Approved,,,27,100% (31/31),100% (31/31),0% (0/0),40960,Menu with menu options,,
$0.05,1,600,1209600,,,3N1FSUEFL50GS6QH2MYCL5JFKY44DL,A3G2CWQ5OV8AHE,Approved,,,80,100% (19/19),100% (19/19),0% (0/0),66919,"Delivery details input boxes for address and buttons for home, work or other",,
$0.05,1,600,1209600,,,3OUYGIZWR7Y8IFB6OU259WARH5R0PF,A1JBSNWSI7VKQO,Approved,,,35,100% (20/20),100% (20/20),0% (0/0),69013,an account for a customer,,
$0.05,1,600,1209600,,,3F6KKYWMNB12EE0NKRD8KEPFBFZDNP,A5YAOZYSJBF5J,Approved,,,10,100% (20/20),100% (20/20),0% (0/0),67049,JobsDB,,
$0.05,1,600,1209600,,,3A0EX8ZRN8O3BG6HDXVD64ZMCEQYBS,A8BH4CXKWP6PW,Approved,,,47,100% (21/21),100% (21/21),0% (0/0),46234,"test article, options",,
$0.05,1,600,1209600,,,3V26SBZTBDEZY4J2FXDZ6TFR9BGZZQ,A3HN5JOPRIKMNU,Approved,,,93,100% (26/26),100% (26/26),0% (0/0),53446,Information with sharing and saving option,,
$0.05,1,600,1209600,,,3DZQRBDBSLF1CZQVZYOI6ZD971I3ST,A3CR6XU8373Z2N,Approved,,,49,100% (17/17),100% (17/17),0% (0/0),59124,choose thw word preferences,,
$0.05,1,600,1209600,,,3WSELTNVR322BK2VXD8I3CN1FUOATL,ABOC5IITA7DV1,Approved,,,29,100% (11/11),100% (11/11),0% (0/0),16728,"""Sign in with email address and password""",,
$0.05,1,600,1209600,,,39RP059MEHT3HZH3UU72C9CF34DBMG,A13HTFAO25P3U4,Approved,,,91,100% (14/14),100% (14/14),0% (0/0),30461,Microsoft corp with stock,,
$0.05,1,600,1209600,,,3LOTDFNYA7ZPZSNX3YZL4X5RG4IWF9,A36COHZCHGHYD3,Approved,,,52,100% (18/18),100% (18/18),0% (0/0),10989,"Sharing functions: Messaging, Android Beam, Fake GPS - Search location, Facebook, Now for Reddit, Bluetooth",,
$0.05,1,600,1209600,,,37WLF8U1WPQ2LZ05DRDEMGYJ0Y76KL,A11LV5AT27LBFI,Approved,,,110,100% (15/15),100% (15/15),0% (0/0),6077,Map to Search distance and directions from one place to another,,
$0.05,1,600,1209600,,,30X31N5D63Q1WKPG8D3ST7RFDBAASW,A23IXWZNWDLTNT,Approved,,,40,100% (37/37),100% (37/37),0% (0/0),53377,sharing files service,,
$0.05,1,600,1209600,,,3CFJTT4SXTQUJ4OMWYXUFEJ23527IA,A3BXLWKSBUO002,Approved,,,26,100% (18/18),100% (18/18),0% (0/0),56632,a news and an advertisement,,
$0.05,1,600,1209600,,,3QAPZX2QN4DCQ8A0MWRTDJ2Y6VZ20U,AE2M19TCQJWI,Approved,,,18,100% (30/30),100% (30/30),0% (0/0),35384,Personalised Timer,,
$0.05,1,600,1209600,,,30LB5CDZNCA2WJDCB3070UC5R4Y0Z0,A8PRJZR3J6UTF,Approved,,,27,100% (20/20),100% (20/20),0% (0/0),61223,food tutorial apps with background music,,
$0.05,1,600,1209600,,,354P56DE9K3JDIRI1AR8JGPPC347S2,A34Z73OAWYW014,Approved,,,30,100% (31/31),100% (31/31),0% (0/0),39546,News with detail,,
$0.05,1,600,1209600,,,3WYP994K17RX54PMH6E5VODUYDFY67,A13HTFAO25P3U4,Approved,,,98,100% (14/14),100% (14/14),0% (0/0),53353,App for jokes and funny image posting,,
$0.05,1,600,1209600,,,3Z7ISHFUH0VKE8IF67DMT9INA29Z8L,A1CLIAQI9N8YOJ,Approved,,,75,100% (22/22),100% (22/22),0% (0/0),32321,videos app like youtube and Vimeo,,
$0.05,1,600,1209600,,,3EA3QWIZ4IVHH2LT910VKABKS2STI7,ASL3NA8PT15JU,Approved,,,40,100% (20/20),100% (20/20),0% (0/0),7899,Travel with ease with tracking,,
$0.05,1,600,1209600,,,3KOPY89HM828DW75C4F4EYMMBI53JD,A34Z73OAWYW014,Approved,,,29,100% (31/31),100% (31/31),0% (0/0),17577,Radio news channels on demand,,
$0.05,1,600,1209600,,,31Z0PCVWUKFKSI4XQAWYTLLBEMHT7C,A1JBSNWSI7VKQO,Approved,,,28,100% (20/20),100% (20/20),0% (0/0),47816,A broken app is loading,,
$0.05,1,600,1209600,,,39GAF6DQWR0LUOTK6PF4TTIJ8LY1V4,ABOC5IITA7DV1,Approved,,,20,100% (11/11),100% (11/11),0% (0/0),57986,"""Start expressing yourself""",,
$0.05,1,600,1209600,,,3LOZAJ85YDDKNYGBP8G0MXP9G2K2XP,AVRMXTZHUCXXL,Approved,,,59,100% (10/10),100% (10/10),0% (0/0),27135,Password setting with different style,,
$0.05,1,600,1209600,,,3ZAK8W07I4ELAKJ25G1ZJ2XQPMJ0UB,AFWYEWB3W0ZSB,Approved,,,84,100% (21/21),100% (21/21),0% (0/0),35817,age selector,,
$0.05,1,600,1209600,,,3GS6S824SQX1NK0E1MIYC2E0IV4WNG,A1UOWWUH9WVUOH,Approved,,,61,100% (22/22),100% (22/22),0% (0/0),56919,Chinese dating app describing its features,,
$0.05,1,600,1209600,,,3IXQG4FA2TYOAFY95L3X7N6V3569BF,AVRMXTZHUCXXL,Approved,,,109,100% (10/10),100% (10/10),0% (0/0),34152,"Shop for Men's,Women's and Kids",,
$0.05,1,600,1209600,,,32AT8R96GL9LBT3EEIKJT839KE1SUP,A23IXWZNWDLTNT,Approved,,,48,100% (37/37),100% (37/37),0% (0/0),45732,best food recipes,,
$0.05,1,600,1209600,,,3URFVVM165IIC5PS9AERP10C7T1ZU1,A3IP4RARMM3X4A,Approved,,,41,100% (17/17),100% (17/17),0% (0/0),65334,Tutorial for newly installed browser,,
$0.05,1,600,1209600,,,3WZ36BJEV3G7UU7N3R8EYN77XC9BTH,A34Z73OAWYW014,Approved,,,21,100% (31/31),100% (31/31),0% (0/0),56197,Location with location selected as current location,,
$0.05,1,600,1209600,,,3DEL4X4EL6LAOJ9IITNVV1QEVHEYX1,A3KECU88OW1KNB,Approved,,,49,100% (21/21),100% (21/21),0% (0/0),38745,password textbox should have included,,
$0.05,1,600,1209600,,,3Z3ZLGNNSIUPZJBI7UZDBZY8PDX3Q4,A1P9OU1YPIQVW7,Approved,,,77,100% (7/7),100% (7/7),0% (0/0),51366,For registration need valid and verified information,,
$0.05,1,600,1209600,,,3SKRO2GZ71R7EDZ87L1XRK72SNR1KI,AFWTKS209SFQY,Approved,,,40,100% (26/26),100% (26/26),0% (0/0),34225,verify entered information before proceeding,,
$0.05,1,600,1209600,,,3HYA4D452RJ3NCPQPEAEGQP2CXOF2B,AFWTKS209SFQY,Approved,,,20,100% (26/26),100% (26/26),0% (0/0),52330,search location,,
$0.05,1,600,1209600,,,36W0OB37HWED7JJ89B7S6MBMDLZZH0,A8BH4CXKWP6PW,Approved,,,20,100% (21/21),100% (21/21),0% (0/0),31541,sign up with email,,
$0.05,1,600,1209600,,,3K3R2QNK8B336E7F5CKSCDYJSQD9UW,A3IP4RARMM3X4A,Approved,,,27,100% (17/17),100% (17/17),0% (0/0),23291,Mix and play songs,,
$0.05,1,600,1209600,,,3KXIR214I4GTPWS15XEVPMSBN7F42C,A373WQWN0DADNL,Approved,,,65,100% (21/21),100% (21/21),0% (0/0),25412,"good: more color selection option, bad: no help option, explain: there is no help option",,
$0.05,1,600,1209600,,,3AUQQEL7U5TLNZ82A6B4FOZ93TS0V0,A1R6ELRI4GR9XF,Approved,,,58,100% (25/25),100% (25/25),0% (0/0),28811,open with notification with paly store or browser,,
$0.05,1,600,1209600,,,3QILPRALQ5VQXJ4W3J2SYMBE0O28NE,A1WH1CTOZHV7YR,Approved,,,59,100% (21/21),100% (21/21),0% (0/0),25151,blood test with data entry and unit selection,,
$0.05,1,600,1209600,,,3TPZPLC3M0C4Z7A37HKOBU8YKHB3PD,A26BOJ0O91EIBR,Approved,,,103,100% (21/21),100% (21/21),0% (0/0),11392,Search songs with Listen and Broadcast,,
$0.05,1,600,1209600,,,3TVRFO09GKFQOK2JZEY51TOIM2BLXX,A3HN5JOPRIKMNU,Approved,,,50,100% (26/26),100% (26/26),0% (0/0),46479,Homescreen for android application with weather option,,
$0.05,1,600,1209600,,,33SA9F9TRXUXTEN18NFFMFKR433WER,A34Z73OAWYW014,Approved,,,15,100% (31/31),100% (31/31),0% (0/0),26382,Side menu with options,,
$0.05,1,600,1209600,,,3OONKJ5DKCJRH22F7AMF4D1KY4SBOV,A8BH4CXKWP6PW,Approved,,,35,100% (21/21),100% (21/21),0% (0/0),47942,slide show with instructions,,
$0.05,1,600,1209600,,,3RSDURM96AM1IJI1NOX37C57FB3YES,AFWYEWB3W0ZSB,Approved,,,73,100% (21/21),100% (21/21),0% (0/0),682,"weather details with temperature, pressure and relative humidity",,
$0.05,1,600,1209600,,,3YWRV122CSZ3S9O50KEECH388KV8U6,A11LV5AT27LBFI,Approved,,,157,100% (15/15),100% (15/15),0% (0/0),43150,"search results display relevant mock tests, e- books and question banks for banking course and exams",,
$0.05,1,600,1209600,,,3R2UR8A0IAGYU55GC6EXTASCH7FXOP,A6KII16FVGPFF,Approved,,,68,100% (24/24),100% (24/24),0% (0/0),35010,the latest updates of football matches,,
$0.05,1,600,1209600,,,3NVC2EB65QZY8L24Y4G7OL1AOME3Y7,A23IXWZNWDLTNT,Approved,,,62,100% (37/37),100% (37/37),0% (0/0),52122,sign up for baby care,,
$0.05,1,600,1209600,,,3R0T90IZ1SCMZUDNXR52AOY0P31CGG,A373WQWN0DADNL,Approved,,,44,100% (21/21),100% (21/21),0% (0/0),55880,"good: clipboard, bad: no language selection ption",,
$0.05,1,600,1209600,,,3DH6GAKTYYPZTE9XJBBGSM6P3HCYZY,A3IP4RARMM3X4A,Approved,,,39,100% (17/17),100% (17/17),0% (0/0),24302,Weather forecast,,
$0.05,1,600,1209600,,,3X31TUMD7XMIYJHQSLDY6KKHHNW1LL,A3CR6XU8373Z2N,Approved,,,33,100% (17/17),100% (17/17),0% (0/0),17201,fun,,
$0.05,1,600,1209600,,,3K4J6M3CXETY6FGPDD9B4T8CP0GAGC,A26BOJ0O91EIBR,Approved,,,127,100% (21/21),100% (21/21),0% (0/0),7340,Shopping application showing pictures and prices of goods,,
$0.05,1,600,1209600,,,3LKC68YZ3A3J550Q21IBRRE5859WOV,A1P9OU1YPIQVW7,Approved,,,57,100% (7/7),100% (7/7),0% (0/0),36127,Sign-in with Facebook data in which name or email address included,,
$0.05,1,600,1209600,,,3D3VGR7TA0FPBKQIK9ODGP8DLZZ3R5,A13HTFAO25P3U4,Approved,,,102,100% (14/14),100% (14/14),0% (0/0),51345,Obenkyo for learning Japanese,,
$0.05,1,600,1209600,,,3II4UPYCOJ7NHBDF0J5PO8KKGQMDQC,A32ATJF7ZENBWH,Approved,,,52,100% (16/16),100% (16/16),0% (0/0),39626,"""photo preview app with zoomIn zoomOut options""",,
$0.05,1,600,1209600,,,39K0FND3AHFYYPCBOG76HYS9LMSAMK,A26BOJ0O91EIBR,Approved,,,202,100% (21/21),100% (21/21),0% (0/0),41528,"Site showing papers with Title, Release date, advisory ID, and Summary",,
$0.05,1,600,1209600,,,3VZLGYJEYLAAT9JNEFPE98ZG1BIXZR,A1R6ELRI4GR9XF,Approved,,,60,100% (25/25),100% (25/25),0% (0/0),63425,timetable with title and place,,
$0.05,1,600,1209600,,,352YTHGROVDX4MVJOIH2CQYDCQX4HU,AFWTKS209SFQY,Approved,,,54,100% (26/26),100% (26/26),0% (0/0),38323,search job locations in desired place,,
$0.05,1,600,1209600,,,3DIP6YHAPCSM3DRJAKZ98ZH5MW18EP,A8PRJZR3J6UTF,Approved,,,24,100% (20/20),100% (20/20),0% (0/0),33471,search bar with audio upload feature,,
$0.05,1,600,1209600,,,3R0T90IZ1SCMZUDNXR52AOY0P31GCK,A3AFAUMZ4AULZF,Approved,,,36,100% (27/27),100% (27/27),0% (0/0),8095,Credit purchase with multiple options,,
$0.05,1,600,1209600,,,3B2X28YI3WF1SWWB7E0LNDFTD4YB66,A5YAOZYSJBF5J,Approved,,,59,100% (20/20),100% (20/20),0% (0/0),7573,Find a Store,,
$0.05,1,600,1209600,,,3HPZF4IVNMTMLLYNRXR8HO54UZQYCZ,A26BOJ0O91EIBR,Approved,,,110,100% (21/21),100% (21/21),0% (0/0),13880,Wildlife NEWS overview with video and text,,
$0.05,1,600,1209600,,,3M81GAB8A0JU2EFVMNEJTIWKD5ABQ3,AFWTKS209SFQY,Approved,,,19,100% (26/26),100% (26/26),0% (0/0),21660,sports news overview,,
$0.05,1,600,1209600,,,3OSWBBLG1EX7Q8ERMX0HIGGDDT9DX9,A3HN5JOPRIKMNU,Approved,,,29,100% (26/26),100% (26/26),0% (0/0),47138,podcast episode screen with download option,,
$0.05,1,600,1209600,,,3XC1O3LBOSMJ73TZU4X8CQ3C96MTLL,ABOC5IITA7DV1,Approved,,,91,100% (11/11),100% (11/11),0% (0/0),56779,"""A search bar on free radios and a proposition to joint a free radio""",,
$0.05,1,600,1209600,,,3CCZ6YKWR7JMLZH04BCK4163T9K95E,A3AFAUMZ4AULZF,Approved,,,74,100% (27/27),100% (27/27),0% (0/0),37509,Setting option for general and Personalize setup,,
$0.05,1,600,1209600,,,3LEP4MGT3G00D5BQH18ZTJPLUQLBDY,A3BXLWKSBUO002,Approved,,,23,100% (18/18),100% (18/18),0% (0/0),43760,a window to enter a particular year,,
$0.05,1,600,1209600,,,3EG49X351UC85ZZCCAS3CA6LW7M6XA,A3TTSFVAJHM947,Approved,,,27,100% (14/14),100% (14/14),0% (0/0),3940,Immediate searching -store list,,
$0.05,1,600,1209600,,,3DY46V3X3PI3KCFO1LZ3SL117D155J,A3CP44KT0KLT69,Approved,,,59,100% (21/21),100% (21/21),0% (0/0),53474,offer description including picture and price information,,
$0.05,1,600,1209600,,,37UQDCYH6XVZ5A8MV5WDU39WB7Y7V7,AFWYEWB3W0ZSB,Approved,,,27,100% (21/21),100% (21/21),0% (0/0),68510,weight loss foods blog,,
$0.05,1,600,1209600,,,3NXNZ5RS1AX183VJS4RH2LKZKFF79R,A1P9OU1YPIQVW7,Approved,,,98,100% (7/7),100% (7/7),0% (0/0),494,playlist has no much information to create,,
$0.05,1,600,1209600,,,3FE2ERCCZX8TLW3PQF4GZX69F87OPT,A26BOJ0O91EIBR,Approved,,,158,100% (21/21),100% (21/21),0% (0/0),57640,"Application with weekly ad, rewards, account, products and projects that can be add to My List",,
$0.05,1,600,1209600,,,3EWIJTFFVO74LOMGFGMUFKBN3YPE08,A34Z73OAWYW014,Approved,,,22,100% (31/31),100% (31/31),0% (0/0),61440,Application with login screen,,
$0.05,1,600,1209600,,,3QIYRE09Y3H8MJKB4YTDJCO6MIWN19,A26BOJ0O91EIBR,Approved,,,145,100% (21/21),100% (21/21),0% (0/0),35170,"Language learning app with phrases and favorites, including different categories",,
$0.05,1,600,1209600,,,33CKWXB73JK58CDMZBVFM5B3JHR11F,A3CUDF4JR3QTS4,Approved,,,27,100% (21/21),100% (21/21),0% (0/0),10918,learn english window with different levels,,
$0.05,1,600,1209600,,,3BWI6RSP7G9I3ZM00F73UZLABCV7E1,A3AFAUMZ4AULZF,Approved,,,40,100% (27/27),100% (27/27),0% (0/0),67476,Daily quote screen with sharing option,,
$0.05,1,600,1209600,,,345LHZDEDXSHRCIZO3JIL0VXSY33U9,A3HN5JOPRIKMNU,Approved,,,32,100% (26/26),100% (26/26),0% (0/0),51829,weather application screen's side menu,,
$0.05,1,600,1209600,,,3D8YOU6S9EKGOV5H75HGS37H2P56UI,A1966JFRA8OWUW,Approved,,,231,100% (9/9),100% (9/9),0% (0/0),7161,"Good Query:""Features well arranged """,,
$0.05,1,600,1209600,,,3ZR9AIQJUB9MTMPNQAAH6YZWQ9V04O,A1FV1XP2UU0EVH,Approved,,,29,100% (40/40),100% (40/40),0% (0/0),70965,pairing devices,,
$0.05,1,600,1209600,,,31QNSG6A5RT1UYC9NCL32PPO09X873,ABREXWFU9D3WR,Approved,,,50,100% (15/15),100% (15/15),0% (0/0),66134,screen with different measurements of a women's picture,,
$0.05,1,600,1209600,,,3WR9XG3T63B0BXP7B9VQLD9JYN174V,A3CR6XU8373Z2N,Approved,,,22,100% (17/17),100% (17/17),0% (0/0),56089,see game history,,
$0.05,1,600,1209600,,,3PIWWX1FJJ6JYA9UFP7RU53B7FRJJ5,AFWTKS209SFQY,Approved,,,19,100% (26/26),100% (26/26),0% (0/0),283,create customized emoji,,
$0.05,1,600,1209600,,,3WETL7AQWT806XSKN2BADO3HTHA53T,A3AFAUMZ4AULZF,Approved,,,71,100% (27/27),100% (27/27),0% (0/0),3911,Info about new version with option buy pro version,,
$0.05,1,600,1209600,,,34QN5IT0TZRNCNCP2D0UNAF1SVR803,A1QOJGSZEZXSE1,Approved,,,109,100% (21/21),100% (21/21),0% (0/0),31167,Transparent screen with text and line,,
$0.05,1,600,1209600,,,3PEIJLRY6TT6ZEEI3S57A45YK9EXW1,A8PRJZR3J6UTF,Approved,,,45,100% (20/20),100% (20/20),0% (0/0),15821,video production software with add block extension,,
$0.05,1,600,1209600,,,3RXPCZQMQPB2CR3PHUGITSF9L6A1GF,A1FV1XP2UU0EVH,Approved,,,14,100% (40/40),100% (40/40),0% (0/0),43412,login screen,,
$0.05,1,600,1209600,,,3BF51CHDTVAG5YDI5HU00N80VEHH0R,A26BOJ0O91EIBR,Approved,,,63,100% (21/21),100% (21/21),0% (0/0),48830,"Creating account with email and password, using country and states.",,
$0.05,1,600,1209600,,,3ND9UOO81K2BZKXTP92JZAABD05LW4,AFWTKS209SFQY,Approved,,,17,100% (26/26),100% (26/26),0% (0/0),65487,login or create an account,,
$0.05,1,600,1209600,,,33SA9F9TRXUXTEN18NFFMFKR434EWA,AV5170KNIBKL6,Approved,,,51,100% (21/21),100% (21/21),0% (0/0),1535,My Likes with other otions,,
$0.05,1,600,1209600,,,3HYA4D452RJ3NCPQPEAEGQP2CXO2FY,ABOC5IITA7DV1,Approved,,,71,100% (11/11),100% (11/11),0% (0/0),46313,""" A guy picture on a social network""",,
$0.05,1,600,1209600,,,373ERPL3YO8UA1OCZOU4Y2CBFYBTRB,A36COHZCHGHYD3,Approved,,,25,100% (18/18),100% (18/18),0% (0/0),22867,"Setting of notification with label, time, when and days",,
$0.05,1,600,1209600,,,3XUHV3NRVKYF05ZJ2N0CHI4RCMSH5C,A26BOJ0O91EIBR,Approved,,,211,100% (21/21),100% (21/21),0% (0/0),37913,"Application for uploading and browsing pictures showing distance, likes, number of photos",,
$0.05,1,600,1209600,,,3IRIK4HM3AKK21OHLEWGYXLBVPY6C8,A3CR6XU8373Z2N,Approved,,,42,100% (17/17),100% (17/17),0% (0/0),18383,calculating debt payment,,
$0.05,1,600,1209600,,,3NG53N1RLVJQ04G9JYFK2BG90338PA,A3CUDF4JR3QTS4,Approved,,,50,100% (21/21),100% (21/21),0% (0/0),18234,video editor,,
$0.05,1,600,1209600,,,3FTYUGLFSULYOPUHGRHMQXPTKUZD5Z,A26BOJ0O91EIBR,Approved,,,114,100% (21/21),100% (21/21),0% (0/0),26423,Searching Engine with search bar for phrases starting with How to,,
$0.05,1,600,1209600,,,3OB0CAO74HPD2T93DP59SF2K7RVYH8,A3HN5JOPRIKMNU,Approved,,,61,100% (26/26),100% (26/26),0% (0/0),24621,New place post screen with location information,,
$0.05,1,600,1209600,,,3LRKMWOKB5H9STGQQQ4LJI5KO2I2ZM,A373WQWN0DADNL,Approved,,,130,100% (21/21),100% (21/21),0% (0/0),25867,"good:  login option, bad query: no eye button: explain: coudlnt check , whether the password is right or wrong",,
$0.05,1,600,1209600,,,3AAJC4I4FGS9YPEYXBADIZR1QD3ZJ5,AE2M19TCQJWI,Approved,,,21,100% (30/30),100% (30/30),0% (0/0),61947,T20 Cricket Live Chat,,
$0.05,1,600,1209600,,,33LKR6A5KEK6HWPV1UFPSBUYB0HT1F,A3CUDF4JR3QTS4,Approved,,,47,100% (21/21),100% (21/21),0% (0/0),30614,cars seller with location button,,
$0.05,1,600,1209600,,,3ERET4BTVM9P3I23BYGQ6QPLQZF9KZ,A27GOFWHEHV758,Approved,,,77,100% (22/22),100% (22/22),0% (0/0),2076,privacy policy aceptacion,,
$0.05,1,600,1209600,,,37C0GNLMHF3U7TUVLARRI33TGPAD6F,A26BOJ0O91EIBR,Approved,,,196,100% (21/21),100% (21/21),0% (0/0),67562,"online gaming store app with tab including All Maps, Bonus, Creation, and Minigame",,
$0.05,1,600,1209600,,,3QJOXOW4XJR1O2TN4L9SDHI061QEMJ,A373WQWN0DADNL,Approved,,,171,100% (21/21),100% (21/21),0% (0/0),25826,"good: showing manuals, bad: only 3 option to select CEP, explain: give option commenly",,
$0.05,1,600,1209600,,,30BUDKLTXDV3GV8HCMS6WF7EK60E5T,A3NDKVYPTBWPEO,Approved,,,30,100% (21/21),100% (21/21),0% (0/0),29814,Inputting the ideas in the provided feild,,
$0.05,1,600,1209600,,,3TE22NPXPBC3SA7O9BXJI1P97LB448,A8BH4CXKWP6PW,Approved,,,20,100% (21/21),100% (21/21),0% (0/0),17115,"text editor, inverse, size",,
$0.05,1,600,1209600,,,3GU1KF0O4I1922EGMAZUTD6A89OBPC,A3NDKVYPTBWPEO,Approved,,,22,100% (21/21),100% (21/21),0% (0/0),9267,Listing the items with attractive images,,
$0.05,1,600,1209600,,,3PJUZCGDJ6G58H0229JNGLGUVZL89F,A5YAOZYSJBF5J,Approved,,,47,100% (20/20),100% (20/20),0% (0/0),63302,Apple Description,,
$0.05,1,600,1209600,,,3M1CVSFP605PJ4A3G9ENY7CEVNPAQ7,A6KII16FVGPFF,Approved,,,59,100% (24/24),100% (24/24),0% (0/0),10581,how can i share this app?,,
$0.05,1,600,1209600,,,3U4J9857OEBKWWAGQO5DTRFP8FIB75,A13HTFAO25P3U4,Approved,,,76,100% (14/14),100% (14/14),0% (0/0),49255,Settings with regionbnews,,
$0.05,1,600,1209600,,,3R8YZBNQ9HI702C59623OGAOUFJ7QD,A3G2CWQ5OV8AHE,Approved,,,44,100% (19/19),100% (19/19),0% (0/0),59841,option screen with user account,,